{
    "accuracy": 0.7506944444444444,
    "auc": 0.5356661522633746,
    "recall": 0.9990740740740741,
    "precision": 0.7508698677800975,
    "f1": 0.8573698847834723,
    "confusion_matrix": [
        [
            2,
            358
        ],
        [
            1,
            1079
        ]
    ]
}