{
    "accuracy": 0.7513888888888889,
    "auc": 0.5251736111111112,
    "recall": 1.0,
    "precision": 0.7510431154381085,
    "f1": 0.857823669579031,
    "confusion_matrix": [
        [
            2,
            358
        ],
        [
            0,
            1080
        ]
    ]
}