{
    "accuracy": 0.5527777777777778,
    "auc": 0.571616512345679,
    "recall": 0.6972222222222222,
    "precision": 0.540948275862069,
    "f1": 0.6092233009708737,
    "confusion_matrix": [
        [
            147,
            213
        ],
        [
            109,
            251
        ]
    ]
}